date,title,link,location,description,en_title,kategorie
06.03.2023 08:55 Uhr,Sexualdelikt in Club – Wer kennt diesen Mann?,https://www.berlin.de/polizei/polizeimeldungen/2023/pressemitteilung.1300436.php,Ereignisort:Friedrichshain-Kreuzberg,"Nr. 0324
Mit der Veröffentlichung von Fotos aus einer Überwachungskamera sucht die Polizei Berlin nach einem bislang unbekannten Mann, der im dringenden Verdacht steht, eine Frau in Kreuzberg sexuell missbraucht zu haben. Am Samstag, den 12. März 2022, folgte der Abgebildete in den Morgenstunden der erkennbar unter dem Einfluss von Rauschmitteln stehenden Frau in den Toilettenbereich eines Nachtclubs, um sie dort sexuell zu missbrauchen.
Der Unbekannte ist ca. 30 bis 40 Jahre alt, etwa 160 bis 170 cm groß und von normaler Statur. Er hat augenscheinlich eine Halbglatze und trug zur Tatzeit eine blaue Jeans und ein dunkles Oberteil.
Auf den Aufnahmen der Überwachungskamera ist zu erkennen, dass der Tatverdächtige den Club in Begleitung eines weiteren Mannes verlässt, bei welchem es sich um einen wichtigen Zeugen handeln könnte.",Sexual Offence in Club – Who knows this man?,Gewaltverbrechen
30.12.2019 10:30 Uhr,Vermisster 39-Jähriger tot aufgefunden,https://www.berlin.de/polizei/polizeimeldungen/pressemitteilung.873075.php,Ereignisort:Charlottenburg-Wilmersdorf,"Nr. 3040
Der 39-jährige Vermisste wurde am 22. Dezember 2019 tot aus dem nördlichen Ufer des Westhafenkanals geborgen. Eine Obduktion hat nun die Identität des Mannes ergeben. Hinweise auf eine Fremdschuld liegen nach derzeitigem Ermittlungsstand nicht vor. Die weiteren Ermittlungen zu den Umständen und der Todesursache führt die Vermisstenstelle beim Landeskriminalamt.
Erstmeldung Nr. 2886 vom 6. Dezember 2019: 39-jähriger Mann vermisst – Polizei bittet um Mithilfe
Mit der Veröffentlichung mehrerer Fotos sucht die Polizei nach dem 39-Jährigen, der seit Samstag, den 30. November 2019, vermisst wird. Nach den bisherigen Ermittlungen wurde er an diesem Tag zuletzt gegen 3.30 Uhr in Berlin Charlottenburg auf dem U-Bahnhof Zoologischer Garten gesehen, als er nach einer Weihnachtsfeier in die U9 Richtung Osloer Straße stieg, um sich auf den Heimweg zu machen. Er hätte am U-Bahnhof Westhafen in die Ringbahn S 41 umsteigen müssen. In seinem Zuhause in Prenzlauer Berg ist er jedoch nicht angekommen. Über sein Handy ist er seitdem nicht mehr erreichbar. Der Vermisste gilt als zuverlässig und es gibt bisher keinerlei Hinweise auf seinen Verbleib.",Missing 39-year-old found dead,Sonstiges
17.12.2019 15:15 Uhr,Nach versuchtem Mord in Schöneberg,https://www.berlin.de/polizei/polizeimeldungen/pressemitteilung.870893.php,Ereignisort:bezirksübergreifend,"Steglitz-Zehlendorf/Tempelhof-Schöneberg
Gemeinsame Meldung Polizei und Staatsanwaltschaft Berlin
Nr. 2959
Ermittlungen zur Tat ergaben, dass ein Mann und eine Frau zum Zeitpunkt des Tatgeschehens in der Hauptstraße unterwegs waren und sich am Durchgang/an der Durchfahrt zum Hinterhof des Wohnhauses in der Hauptstraße befanden. Sie müssten daher den vom Tatort flüchtenden Beschuldigten gesehen haben. Sowohl die beiden Zeugen, als auch ein weiterer Mann, der möglicherweise das Tatgeschehen mitbekommen haben könnte, haben sich bislang noch nicht bei der Polizei gemeldet. Dieser Mann war zu diesem Zeitpunkt glatzköpfig und trug eine blaue dunkle Oberbekleidung. Er lief in der Hauptstraße in Richtung Akazienstraße. Die anderen beiden Zeugen liefen zu diesem Zeitpunkt dem Mann entgegen. Die Frau hatte lange schwarze Haare und trug, wie auch ihr Begleiter, blaue bzw. dunkle (evtl. schwarze) Oberbekleidung. Alle drei gesuchten Zeugen müssen Sichtkontakt zum Wohnhaus und Mann und Frau sogar Kontakt zum 57-jährigen Opfer gehabt haben.",After attempted murder in Schöneberg,Gewaltverbrechen
09.12.2019 13:41 Uhr,Beschädigungen am Denkmal für die im Nationalsozialismus verfolgten Homosexuellen,https://www.berlin.de/polizei/polizeimeldungen/pressemitteilung.873440.php,Ereignisort:Mitte,"Nr. 2902
Nach Beschädigungen am Denkmal für die im Nationalsozialismus verfolgten Homosexuellen in Mitte bittet der Polizeiliche Staatsschutz beim Landeskriminalamt Berlin um Mithilfe.
Zwischen dem 9. Juni und dem 8. September 2019 kam es zu sieben gemeinschädlichen Sachbeschädigungen, bei denen der bislang unbekannte Tatverdächtige die Sichtscheibe des Denkmals in der Ebertstraße mit schwarzer Farbe besprüht haben soll.
Es konnte ein Täter ermittelt werden.",Damage to the monument to the homosexuals persecuted under National Socialism,Eigentumsdelikte
13.11.2019 16:34 Uhr,Motorrad fährt in Auto – ein Schwerverletzter,https://www.berlin.de/polizei/polizeimeldungen/pressemitteilung.865239.php,Ereignisort:Marzahn-Hellersdorf,"Nr. 2708
Heute früh kam es in Hellersdorf zu einem Verkehrsunfall mit einem schwerverletzen Motorradfahrer. Nach derzeitigem Ermittlungsstand soll der 19-jährige Zweiradfahrer gegen 6.35 Uhr die Gülzower Straße in Richtung Altentreptower Straße gefahren sein. In Höhe der Heringsdorfer Straße prallte er dann mit seiner BMW gegen den Mercedes einer 51-Jährigen, die die Gülzower Straße in entgegengesetzter Richtung befuhr und dann in die Heringsdorfer Straße abgebogen sein soll. Durch die Wucht des Aufpralls wurde der 19-Jährige von seinem Motorrad auf die Straße geschleudert und erlitt multiple Knochenbrüche, die eine stationäre Aufnahme in einem Krankenhaus erforderlich machten. Die Autofahrerin erlitt einen Schock und wurde ambulant behandelt. Der Verkehrsermittlungsdienst der Polizeidirektion 6 übernahm die weitere Bearbeitung.",Motorcycle rides in car – a seriously injured person,Verkehrsdelikte
08.11.2019 17:55 Uhr,Seniorin im Krankenhaus verstorben - weiterhin Zeugen gesucht,https://www.berlin.de/polizei/polizeimeldungen/pressemitteilung.855297.php,Ereignisort:Steglitz-Zehlendorf,"Nr. 2671
Die am 16. Oktober bei einem Verkehrsunfall in Lichterfelde schwer verletzte 82-jährige Frau, ist am 31. Oktober 2019 in einem Krankenhaus verstorben.
Zeugenaufruf Meldung Nr. 2514 vom 21. Oktober 2019:
Mit einem Zeugenaufruf suchen die Ermittler des Verkehrsermittlungsdienstes nach Zeugen. Am Mittwoch, den 16. Oktober 2019, gegen 9 Uhr ereignete sich in Lichterfelde auf der Drakestraße in Höhe der Hausnummer 50, vor der dortigen Filiale der Firma „Bio Lüske“, ein Verkehrsunfall, bei dem eine Fußgängerin schwer verletzt wurde. Die 82-Jährige wurde von einem LKW erfasst, als sie die Fahrbahn der Drakestraße betrat.
Die Verkehrsermittler fragen:
Wer hat den Unfall beobachtet und kann Angaben zum Unfallhergang machen?
Hinweise nimmt der Verkehrsermittlungsdienst der Polizeidirektion 4 in der Eiswaldtstraße 18 in Berlin-Lankwitz unter der Telefonnummer 4664-471100 oder auch jede andere Polizeidienststelle entgegen.",Senior deceased in hospital - still looking for witnesses,Verkehrsdelikte
08.11.2019 12:10 Uhr,Verkehrsunfall in Rudow – Autofahrerin hat sich gemeldet – weiterhin Zeugen gesucht,https://www.berlin.de/polizei/polizeimeldungen/pressemitteilung.862961.php,Ereignisort:Neukölln,"Nr. 2666
Die gesuchte Autofahrerin des Verkehrsunfalls vom 18. September hat sich am heutigen Tag mit dem Verkehrsermittlungsdienst der Polizeidirektion 5 in Verbindung gesetzt. Die Ermittlungen dauern an, weiterhin werden Zeugen des Unfalls gesucht.
Der Verkehrsermittlungsdienst der Direktion 4 fragt:
Wer hat den Verkehrsunfall am Mittwoch, den 18. September 2019 gegen
13.45 Uhr beobachtet und kann Angaben zum Unfallhergang machen?
Hinweise nimmt der Verkehrsermittlungsdienst der Direktion 4 in der Eiswaldstr. 18 in 12249 Berlin unter der Rufnummer (030) 4664-471100 entgegen.",Road accident in Rudow – motorist reported – continued to look for witnesses,Verkehrsdelikte
28.10.2019 12:06 Uhr,Zeugen zu Verkehrsunfall gesucht,https://www.berlin.de/polizei/polizeimeldungen/pressemitteilung.858689.php,Ereignisort:Steglitz-Zehlendorf,"Nr. 2585
Zu einem Verkehrsunfall, der sich letzte Woche in Lichterfelde am Donnerstagabend ereignet hatte, sucht die Polizei Berlin nach Zeugen.
Am 24. Oktober 2019 befuhr gegen 19.55 Uhr ein 25-jähriger Mann mit seinem Kleinkraftrad die Goerzallee in Lichterfelde in Richtung Ortlerweg von der Wismarer Straße aus kommend. Ersten Ermittlungen und Aussagen zufolge bog ein unbekanntes Fahrzeug aus der Luzerner Straße nach links in die Goerzallee ab, wodurch der 25-Jährige stark abbremsen musste, die Kontrolle verlor, stürzte und sich dabei schwer verletzte. Der Rollerfahrer wurde mit Kopfverletzungen in ein Krankenhaus gebracht und stationär aufgenommen. Der Fahrer des unbekannten PKW hielt nicht an und fuhr weiter.
Der Verkehrsermittlungsdienst fragt:
Eine Frau soll mit ihrem Pkw hinter dem Kleinkraftrad gefahren sein und könnte den Verkehrsunfall beobachtet haben. Diese wird gebeten, sich bei der Polizei zu melden.
Wer hat den Unfall beobachtet und kann Angaben zum Unfallhergang machen?
Hinweise nimmt der Verkehrsermittlungsdienst der Polizeidirektion 4 in der Eiswaldtstraße 18 in Berlin-Lankwitz unter der Telefonnummer 030 4664 472307 (innerhalb der Bürodienstzeiten) oder 030 4664 471100 (außerhalb der Bürodienstzeiten) oder auch jede andere Polizeidienststelle entgegen.",Witnesses for traffic accident wanted,Verkehrsdelikte
13.10.2019 12:45 Uhr,Gefährliche Körperverletzung in U-Bahn,https://www.berlin.de/polizei/polizeimeldungen/pressemitteilung.854219.php,Ereignisort:Neukölln,"Nr. 2437
In der vergangenen Nacht kam es in Neukölln zu einer gefährlichen Körperverletzung.
Nach bisherigen Erkenntnissen und Zeugenangaben befand sich ein 32-Jähriger gegen 2.15 Uhr gemeinsam mit seiner zwei Jahre jüngeren Lebensgefährtin in einem auf dem Bahnhof Hermannplatz haltenden Zug der Linie U8 in Richtung Hermannstraße, als ein Mann, der deutlich alkoholisiert wirkte, einstieg und sofort den 32-Jährigen getreten haben soll. Daraufhin packte der Angegriffene den Täter, um ihn an weiteren Angriffen zu hindern. Das Geschehen verlagerte sich in der Folge auf den Bahnsteig.
Der Geschädigte erlitt im Rahmen der Auseinandersetzung einen zunächst unbemerkten Stich in den Rücken. Fahrgäste griffen daraufhin ein und hielten den mutmaßlichen Täter von weiteren Handlungen ab. Mitarbeiter des BVG-Sicherheitsdienstes bemerkten das Geschehen, hielten den Tatverdächtigen fest und übergaben ihn hinzugerufenen Polizisten. Rettungskräfte brachten den Angegriffenen mit einer Stichwunde im Oberkörper in ein Krankenhaus, in dem er operiert wurde. Lebensgefahr besteht derzeit nicht.
Der 24-Jährige wurde zur Blutentnahme und erkennungsdienstlichen Behandlung in ein Polizeigewahrsam gebracht und anschließend dem Polizeilichen Staatschutz beim Landeskriminalamt Berlin übergeben.
Die Hintergründe des Angriffs sowie das genaue Geschehen sind derzeit unklar und Gegenstand der weiteren Ermittlungen.",Dangerous bodily injury in subway,Gewaltverbrechen
18.09.2019 12:25 Uhr,Polizei Berlin sucht zwei Täter nach räuberischem Diebstahl und Körperverletzung,https://www.berlin.de/polizei/polizeimeldungen/pressemitteilung.847451.php,Ereignisort:Spandau,"Nr. 2262
Die Polizei Berlin sucht nach zwei unbekannten Tätern, die im Verdacht stehen, einen Diebstahl in einem Geschäft in Hakenfelde begangen und bei der Flucht einen Zeugen verletzt zu haben. Am 30. März 2019 gegen 18.30 Uhr sollen die Gesuchten mehrere Waren in einen Einkaufswagen gelegt und sich damit aus dem EDEKA-Supermarkt in der Streitstraße entfernt haben. Anschließend versuchten sie die Beute in ihrem Minivan abzutransportieren. Als ein 39-jähriger Zeuge sich ihnen bei der Flucht in den Weg stellte, sollen sie trotzdem losgefahren sein. Der inzwischen auf der Motorhaube liegende Ladendetektiv wurde in einer Kurve vom Pkw geschleudert und verletzt.",Berlin police are looking for two perpetrators after robbery and assault,Gewaltverbrechen
16.09.2019 14:32 Uhr,Tankbetrüger gesucht,https://www.berlin.de/polizei/polizeimeldungen/pressemitteilung.846622.php,Ereignisort:berlinweit,"Nr. 2240
Die Polizei Berlin sucht nach mindestens zwei unbekannten Männern, die seit Dezember 2018 Tankbetrugstaten in Berlin begehen. Bei mindestens zwölf Taten im gesamten Stadtgebiet haben die Täter inzwischen einen hohen Schaden verursacht. Die Männer verwendeten für ihre Taten immer die gleichen Fahrzeuge, einen dunkelblauen BMW der 5er Reihe und einen silberfarbenen Chrysler Voyager. Die während der Taten verwendeten Kennzeichen waren bisher immer gefälscht oder gestohlen. Auffällig an der Begehungsweise der Täter ist, dass nicht nur der Tank des jeweiligen Fahrzeuges, sondern auch ein offenbar im Kofferraum bzw. beim Chrysler im Inneren des Wagens befindliches Behältnis befüllt wird.",Fuel fraudsters wanted,Eigentumsdelikte
09.09.2019 18:20 Uhr,Nach tödlichem Verkehrsunfall - Polizei und Staatsanwaltschaft Berlin bitten um Mithilfe,https://www.berlin.de/polizei/polizeimeldungen/pressemitteilung.844500.php,Ereignisort:Mitte,"Nr. 2198
Nach dem schweren Verkehrsunfall am vergangenen Freitag in Mitte, bei dem ein Kind, eine ältere Frau und zwei Männer gestorben sind, bitten Polizei und Staatsanwaltschaft Berlin um Mithilfe. Der genaue Unfallhergang ist weiterhin unklar.
Daher fragen die Ermittlerinnen und Ermittler des Verkehrsermittlungsdienstes:
Wer hat den Unfall beobachtet und kann Angaben zum Unfallhergang machen?
Wem liegen Videoaufzeichnungen beziehungsweise Mitschnitte vom Unfallhergang vor?
Wer kann sonst sachdienliche Hinweise geben?
Zeuginnen und Zeugen werden gebeten, sich beim Verkehrsermittlungsdienst der Polizeidirektion 5 (City) in der Wedekindstr. 10 in 10243 Berlin, unter der Telefonnummer (030) 4664-572800 oder bei jeder anderen Polizeidienststelle zu melden.
Videos können im
Hinweisportal der Polizei Berlin
hochgeladen werden.
Erstmeldung Nr. 2177 vom 7. September 2019: Schwerer Verkehrsunfall mit Toten und Verletzten
Gestern Abend ereignete sich in Mitte ein schwerer Verkehrsunfall, bei dem vier Menschen ums Leben kamen und fünf verletzt wurden. Nach derzeitigem Ermittlungsstand kam der Fahrer eines Porsche Macan gegen 19.10 Uhr an der Kreuzung Invalidenstraße Ecke Ackerstraße mit seinem Fahrzeug aus bislang unbekannter Ursache nach links von der Fahrbahn ab und geriet auf den Gehweg. Dabei erfasste er vier Personen, mehrere Poller sowie einen Ampelmast. Anschließend durchbrach der SUV einen Baustellenzaun und kam zum Stehen. Zwei Männer im Alter von 28 und 29 Jahren, eine 64-jährige Frau und ein drei Jahre alter Junge erlagen am Unfallort ihren schweren Verletzungen. Der 42-jährige Autofahrer erlitt Kopfverletzungen und kam zur stationären Behandlung in ein Krankenhaus. Zum Unfallzeitpunkt saßen in dem Porsche noch ein sechsjähriges Mädchen und eine 67 Jahre alte Frau. Beide verblieben zur Beobachtung in einem Krankenhaus. Eine 38 Jahre alte Frau und ein neunjähriger Junge
    erlitten einen Schock und wurden am Ort behandelt. Die Invalidenstraße war zwischen Brunnen- und Ackerstraße bis kurz vor 2 Uhr gesperrt. Notfallseelsorger, die Berliner Feuerwehr und die Polizeipfarrerin betreuten Zeuginnen und Zeugen des Unfalls sowie Einsatzkräfte. Erste Hinweise, wonach ein medizinischer Notfall des Fahrers ursächlich gewesen sein könnte, fließen ebenso wie sämtliche anderen Aussagen, Informationen und Beweise in das Ermittlungsverfahren mit ein. Eine Blutentnahme bei dem Fahrer wurde durchgeführt. Die Beamten beschlagnahmten seinen Führerschein und stellten das Unfallfahrzeug sicher. Der genaue Unfallhergang ist Gegenstand der weiteren Ermittlungen, die der Verkehrsermittlungsdienst der Polizeidirektion 3.",After a fatal traffic accident - police and public prosecutor's office in Berlin ask for help,Verkehrsdelikte
03.09.2019 12:19 Uhr,Mord im Kleinen Tiergarten,https://www.berlin.de/polizei/polizeimeldungen/pressemitteilung.842950.php,Ereignisort:Mitte,"Nr. 2139
Am Freitag, den 23. August 2019, wurde gegen 11.55 Uhr ein Mann im Kleinen Tiergarten, nahe der Kreuzung Turmstraße/Stromstraße, in Moabit erschossen. Ermittlungen der Polizei und Staatsanwaltschaft zufolge soll sich der hier abgebildete Beschuldigte mit seinem Fahrrad zu einem 40-jährigen Mann begeben und mehrere Schüsse auf ihn abgegeben haben. Der 40-Jährige erlag noch am Tatort seinen schweren Verletzungen. Anschließend sei der Beschuldigte mit seinem Fahrrad geflüchtet und habe sich den abgebildeten E-Scooter als vermeintliches Fluchtmittel bereitgestellt. Der Beschuldigte konnte unmittelbar nach der Tat festgenommen werden und befindet sich derzeit in Untersuchungshaft.",Murder in the Small Tiergarten,Gewaltverbrechen
27.08.2019 12:57 Uhr,Nach sexuellem Übergriff,https://www.berlin.de/polizei/polizeimeldungen/pressemitteilung.840977.php,Ereignisort:Charlottenburg-Wilmersdorf,"Nr. 2087
Ein Mann steht im dringenden Verdacht am Montag, den 18. Juni 2018, gegen 12.35 Uhr, eine Frau auf dem Gehweg der Spielhagenstr. in Charlottenburg bedrängt und anschließend sexuelle Handlungen an ihr vorgenommen zu haben.",After sexual assault,Gewaltverbrechen
26.08.2019 14:30 Uhr,Nach tödlichem Verkehrsunfall - Verkehrsermittler suchen Zeugen,https://www.berlin.de/polizei/polizeimeldungen/pressemitteilung.839116.php,Ereignisort:Tempelhof-Schöneberg,"Nr. 2083
Nach einem schweren Verkehrsunfall am 20. August 2019, der sich gegen 8.45 Uhr in Marienfelde auf dem Nahmitzer Damm zugetragen hatte, sucht der zuständige Verkehrsermittlungsdienst der Polizeidirektion 4 nach möglichen Zeugen. Bei dem Unfall wurde eine 66-jährige Fußgängerin so schwer verletzt, dass sie noch am Unfallort verstarb.
Da der Unfallhergang bisher noch unklar ist, haben die Ermittler folgende Fragen:
Wer hat den Unfall beobachtet?
Wer kann Angaben machen, woher die Frau kam und wie sie unter den Lkw geriet?
Wer kann sonstige sachdienliche Hinweise geben?
Hinweise bitte an den Verkehrsermittlungsdienst der Polizeidirektion 4 in der Eiswaldtstraße 18 in 12249 Berlin-Lankwitz unter der Telefonnummer (030) 4664-472300 (innerhalb der Bürodienstzeiten) oder 030 4664 471100 (außerhalb der Bürodienstzeiten) oder eine andere Polizeidienststelle.
Erstmeldung Nr. 2035 vom 20. August 2019: Fußgängerin tödlich verletzt
In Marienfelde ist heute Morgen eine Fußgängerin bei einem Verkehrsunfall ums Leben gekommen. Nach den bisherigen Ermittlungen und Aussagen soll die 66-jährige Frau gegen 8.45 Uhr den Nahmitzer Damm überquert haben und sei dabei aus bislang ungeklärter Ursache unter einen in Richtung Hildburghauser Straße fahrenden Lkw geraten und wurde durch den hinteren rechten Reifen des Lasters überrollt. Die Fußgängerin starb noch am Unfallort. Der 48-jährige Lkw-Fahrer erlitt einen Schock und wurde durch Rettungskräfte in ein Krankenhaus gebracht. Der Verkehrsermittlungsdienst der Direktion 4 hat die Unfallbearbeitung übernommen. Die Ermittlungen dauern an.",After a fatal traffic accident - traffic investigators are looking for witnesses,Verkehrsdelikte
17.08.2019 13:15 Uhr,Schwerverletzte nach Vollbremsung eines BVG-Busses – Zeugen gesucht,https://www.berlin.de/polizei/polizeimeldungen/pressemitteilung.838295.php,Ereignisort:Mitte,"Nr. 1998
Die Polizei Berlin erhofft sich nach einem Verkehrsunfall in Gesundbrunnen Hinweise aus der Bevölkerung.
Nach bisherigen Erkenntnissen fuhr ein BVG-Bus der Linie M27 gestern Vormittag auf der Pankstraße in Richtung Badstraße. Gegen 11 Uhr kam an der Kreuzung Böttgerstraße plötzlich ein schwarzes Auto rückwärts auf die Pankstraße gefahren. Nur durch eine Gefahrenbremsung konnte der Busfahrer einen Zusammenstoß mit dem Auto verhindern. Durch die Vollbremsung stürzte eine 67-jährige Frau, die als Fahrgast in dem Bus war, und zog sich lebensgefährliche Kopfverletzungen zu. Sie wurde zur stationären Behandlung in ein Krankenhaus gebracht. Der Fahrer des schwarzen Autos entfernte sich vom Unfallort, bevor seine Personalien aufgenommen werden konnten.
Fragen der Polizei:
Wer hat den Unfall beobachtet und kann Angaben zu dem schwarzen Fahrzeug bzw. Fahrzeugführer machen?
Wer kann weitere sachdienliche Hinweise geben?
Hinweise nimmt der Verkehrsermittlungsdienst der Polizeidirektion 1 unter der Rufnummer (030) 4664-172800 oder jede andere Polizeidienststelle entgegen.",Serious injuries after full braking of a BVG bus – witnesses wanted,Verkehrsdelikte
01.08.2019 10:00 Uhr,Mann schwer verletzt – 8. Mordkommission ermittelt,https://www.berlin.de/polizei/polizeimeldungen/pressemitteilung.831178.php,Ereignisort:Mitte,"Nr. 1863
Am Abend des 22. Juli hatte ein Mann den 46-Jährigen gegen 18.15 Uhr auf dem Blochplatz angegriffen und mit einem Messer niedergestochen. Am 24. Juli hatte sich ein 32-Jähriger bei seiner Rechtsanwältin gestellt und wurde aufgrund eines bestehenden Haftbefehls festgenommen. Er sitzt seitdem in Untersuchungshaft.",Man seriously injured – 8th Homicide Investigation,Gewaltverbrechen
22.07.2019 17:27 Uhr,Sicherheitsdienstmitarbeiter fremdenfeindlich beschimpft,https://www.berlin.de/polizei/polizeimeldungen/pressemitteilung.831020.php,Ereignisort:Reinickendorf,"Nr. 1776
Heute Mittag soll ein Fluggast in Tegel einen Mitarbeiter eines Sicherheitsdienstes fremdenfeindlich beleidigt haben. Nach bisherigen Erkenntnissen wurde der 52-Jährige gegen 12.35 Uhr am Flughafen Tegel von dem 31-jährigen Angestellten des Sicherheitsdienstes mit einer Handsonde kontrolliert. Dabei soll dann der Mann den Kontrolleur fremdenfeindlich beschimpft haben. Hinzugerufene Bundespolizisten stellten die Personalien des Tatverdächtigen fest. Anschließend konnte er seinen gebuchten Flug antreten. Der Polizeiliche Staatsschutz beim Landeskriminalamt Berlin übernahm die Ermittlungen.",Xenophobic abuse of security staff,Öffentliche Ordnung
15.07.2019 11:32 Uhr,Nach Sexualdelikt - Tatverdächtiger gesucht,https://www.berlin.de/polizei/polizeimeldungen/pressemitteilung.827634.php,Ereignisort:Tempelhof-Schöneberg,"Nr. 1730
Am 9. Dezember 2018 in den frühen Morgenstunden wurde eine 20-Jährige aus dem S-Bahnhof Südkreuz verfolgt und sexuell motiviert angegriffen. Nur durch die Gegenwehr der jungen Frau konnten weitere Handlungen unterbunden werden. Der Mann ließ von ihr und flüchtete in unbekannte Richtung.",After sexual offence - suspect wanted,Gewaltverbrechen
02.07.2019 12:40 Uhr,Täter kamen durch die Wand,https://www.berlin.de/polizei/polizeimeldungen/pressemitteilung.825099.php,Ereignisort:Reinickendorf,"Nr. 1612
Drei Männer sind im April 2019 in ein Geschäft in Reinickendorf eingebrochen. In den frühen Morgenstunden des 15. April 2019 brachen die Abgebildeten durch eine Wand in einen Spätkauf und Handyshop in der Residenzstraße ein. Die Wand trennte das Geschäft von einer zu dieser Zeit in Sanierung befindlichen Bar. Kurz vor 6 Uhr betraten sie den Laden und stahlen Geld, Tabakwaren sowie Handys und einen Laptop. Der Gesamtwert der Beute beläuft sich auf einen fünfstelligen Betrag.",Perpetrators came through the wall,Eigentumsdelikte
28.06.2019 17:15 Uhr,Tödlicher Verkehrsunfall eines E-Bike-Fahrers Ermittler suchen Zeugen,https://www.berlin.de/polizei/polizeimeldungen/pressemitteilung.821640.php,Ereignisort:Steglitz-Zehlendorf,"Nr. 1568
Im Zusammenhang mit dem Auffinden des schwerverletzten und in der Folge verstorbenen 62-jährigen Radfahrers, bittet der Verkehrsermittlungsdienst der Polizeidirektion 4 um Mithilfe.
Die Ermittler fragen:
Wer kann mögliche Angaben über den gestürzten Radfahrer machen, der am 20. Juni 2019 gegen 23.30 Uhr auf dem Radweg der Argentinischen Allee, zwischen Clayallee und Marshallstraße, schwerverletzt aufgefunden wurde?
Gibt es Zeugen, die eventuell vor dem Sturz Beobachtungen zu einem Radfahrer machten, der sich in der Nähe des Unfallortes befunden haben soll, insbesondere aus dem Bereich Dahlem kommend?
Hinweise bitte an den Verkehrsermittlungsdienst der Direktion 4 in 12249 Berlin-Lankwitz, Eiswaldtstraße 18, unter der Telefonnummer (030) 4664-472307 (innerhalb der Bürodienstzeiten) oder 030 4664 471100 (außerhalb der Bürodienstzeiten), oder an jede andere Polizeidienststelle.",Fatal traffic accident of an e-bike rider Investigators are looking for witnesses,Verkehrsdelikte
27.05.2019 12:00 Uhr,ÖPNV-Aktionstage vom 3. bis 7. Juni 2019,https://www.berlin.de/polizei/polizeimeldungen/pressemitteilung.814550.php,Ereignisort:bezirksübergreifend,"Mitte/Tempelhof-Schöneberg
Nr. 1254
Nächste Woche werden in den Ortsteilen Mitte, Schöneberg und Gesundbrunnen vier Informationsstände zu verschiedenen Themen der Kriminalprävention aufgebaut.
Von Montag, 3. Juni 2019 bis Freitag, 7. Juni 2019, von 12 bis 18 Uhr, beraten die Netzwerkpartner Prävention im Öffentlichen Personennahverkehr (ÖPNV) Interessierte an folgenden Standorten:",Public transport action days from 3 to 7 June 2019,Sonstiges
15.05.2019 12:00 Uhr,Obdachloser getötet,https://www.berlin.de/polizei/polizeimeldungen/pressemitteilung.733592.php,Ereignisort:Mitte,"Gemeinsame Meldung Polizei und Staatsanwaltschaft Berlin
Nr. 1151
Im August 2018 wurde in Berlin Mitte ein 40-Jähriger Mann getötet.
Der obdachlose Mann war am 24. August 2018 mit schweren Kopfverletzungen in der Holzmarkstraße Ecke Straße an der Michaelbrücke auf dem Gehweg gefunden und von Rettungskräften der Feuerwehr in ein Krankenhaus gebracht worden. Dort war er wenige Tage später verstorben. Eine Obduktion hat ergeben, dass die Verletzungen todesursächlich waren.",Homeless Killed,Gewaltverbrechen
24.04.2019 12:00 Uhr,Mord an Arzt – Staatsanwaltschaft lobt 10.000 Euro Belohnung aus,https://www.berlin.de/polizei/polizeimeldungen/pressemitteilung.665528.php,Ereignisort:Tempelhof-Schöneberg,"Gemeinsame Meldung Polizei und Staatsanwaltschaft Berlin
Nr. 0969
Am Abend des 12. Januar 2018 wurde der 67-jährige Arzt, Dr. Doll, in Marienfelde erschossen. Der Getötete hatte in der Malteser Straße 170-172, in dem dortigen Gewerbekomplex, seine Praxis. Als der Arzt zwischen 19.20 Uhr und 19.25 Uhr das Gebäude verließ und den Innenhof betrat, wurden mehrere Schüsse auf ihn abgegeben. Der Täter hatte genaue Ortskenntnis und lauerte dem Opfer auf, als dieses lange nach Praxisschließung zu seinem dort abgestellten Pkw gehen wollte. Nach der Tat flüchtete der Mörder.","Murder of Doctor – Public Prosecutor's Office Offers 10,000 Euro Reward",Gewaltverbrechen
15.04.2019 10:00 Uhr,Homophober Übergriff in Straßenbahn - Wer kennt diese Männer?,https://www.berlin.de/polizei/polizeimeldungen/pressemitteilung.760200.php,Ereignisort:Mitte,"Nr. 0900
Mit der Veröffentlichung von Bildern aus einer Überwachungskamera bittet die Polizei Berlin um Mithilfe bei der Identifizierung von zwei unbekannten Männern.
Am Mittwoch, den 21. November 2018, stiegen gegen 22.30 Uhr zwei junge Männer am Rosenthaler Platz in die Straßenbahn der Linie M8 in Richtung Ahrensfelde. Nach etwa zehn Minuten Fahrzeit begann der vor den beiden Fahrgästen sitzende Tatverdächtige, die beiden homophob zu beleidigen. Schließlich fasste er einem der jungen Männer mit der flachen Hand grob ins Gesicht und schlug kurz darauf mit der Faust zu.",Homophobic assault in tram - Who knows these men?,Gewaltverbrechen
10.04.2019 11:28 Uhr,Messerangriff in U-Bahn - Polizei Berlin sucht Zeugen,https://www.berlin.de/polizei/polizeimeldungen/pressemitteilung.798145.php,Ereignisort:Mitte,"Nr. 0861
In Zusammenhang mit einem Messerangriff am 30. März 2019 in der U-Bahnlinie U6 sucht die Polizei Berlin nach Zeugen. Gegen 10.30 Uhr soll eine 37-jährige Tatverdächtige in einem Waggon der U6 in Richtung Alt-Mariendorf drei Personen attackiert und einem 29-jährigen Mann und einer 49-jährigen Frau schwere Stichverletzungen zugefügt haben. Die Tat ereignete sich zwischen den Bahnhöfen Afrikanische Straße und Rehberge. Zeugen hielten die mittlerweile in Untersuchungshaft sitzende Frau bis zum Eintreffen der Polizei fest.
Die Kriminalpolizei fragt:
Wer hat am 30. März 2019 gegen 10.30 Uhr im U-Bahnhof Scharnweberstraße, in dem U-Bahnwaggon Richtung Mariendorf und/oder im U-Bahnhof Rehberge die Auseinandersetzung und/oder deren Entstehung beobachtet?
Wer kann sonst sachdienliche Hinweise zum Tatgeschehen geben und hatte noch keinen Kontakt zur 8. Mordkommission?
Insbesondere werden noch die Personen gesucht, die den Opfern in der U-Bahn bzw. auf dem U-Bahnhof Rehberge zu Hilfe kamen.
Hinweise nimmt die 8. Mordkommission des Landeskriminalamtes in der Keithstraße 30 in Tiergarten unter der Telefonnummer (030) 4664-911888, per E-Mail: LKA118@polizei.berlin.de oder jede andere Polizeidienststelle entgegen.
Erstmeldung Nr. 0739 vom 30. März 2019: Mann und Frau durch Stiche schwer verletzt
Eine Frau soll heute Vormittag in Wedding einen Mann und eine Frau nach einem Streit schwer verletzt haben. Nach derzeitigem Ermittlungsstand befanden sich eine 37-Jährige und eine Gruppe bestehend aus zwei Männern und einer Frau gegen 10.30 Uhr in einer U-Bahn der Linie U6. Die Fahrt ging in Richtung Alt-Mariendorf. Dabei entwickelte sich ein Streit zwischen den Personen, in der Folge die 37-Jährige auf das Trio einstach und einen Mann und eine Frau schwer verletzte. Zeugen des Geschehens gelang es, die Frau bis zum Eintreffen alarmierter Polizisten festzuhalten, die sie anschließend im U-Bahnhof Rehberge festnahmen. Die beiden Verletzten, eine 49-Jährige und ein 29-Jähriger, kamen zur Behandlung ihrer Verletzungen in ein Krankenhaus, wo sie stationär aufgenommen wurden. Lebensgefahr besteht nicht. Der Dritte, ein 54-Jähriger, blieb unverletzt. Die 8. Mordkommission hat die derzeit noch laufenden Ermittlungen zu dem versuchten Tötungsdelikt übernommen.",Knife attack in subway - Berlin police looking for witnesses,Gewaltverbrechen
28.02.2019 09:45 Uhr,Mord in Neukölln,https://www.berlin.de/polizei/polizeimeldungen/pressemitteilung.780146.php,Ereignisort:Neukölln,"Nr. 0502
Am 30. Januar 2019 hat sich in Neukölln ein Mord ereignet. Gegen 23.30 Uhr kam es zu einer körperlichen Auseinandersetzung zwischen mehreren Personen, in deren Verlauf ein 40-Jähriger tödliche Verletzungen erlitt. Gestern Abend hingen Ermittler Plakate im Umfeld des Tatortes aus.
Polizeimeldung Nr. 0263 vom 31. Januar 2019: Mann an Stichverletzungen gestorben – Eine Mordkommission ermittelt
Polizei und Feuerwehr wurden gegen 23.30 Uhr zu einem verletzten Mann an der Einmündung Braunschweiger Straße/Zeitzer Straße in Neukölln alarmiert. Trotz eingeleiteter Reanimationsmaßnahmen verstarb der 40-Jährige an seinen Stichverletzungen. Die 8. Mordkommission hat die Ermittlungen wegen des Verdachts eines Tötungsdelikts übernommen.",Murder in Neukölln,Gewaltverbrechen
27.02.2019 15:15 Uhr,Auftaktveranstaltung des europäischen Projektes Safer Space for Safer Cities im Roten Rathaus,https://www.berlin.de/polizei/polizeimeldungen/pressemitteilung.787585.php,Ereignisort:Mitte,"Gemeinsame Meldung Polizei Berlin und Senatsverwaltung für Inneres und Sport
Nr. 0495
Heute Nachmittag stellte Berlins Polizeipräsidenten Dr. Barbara Slowik das EU-Projekt Safer Space for Safer Cities (SafeCi) vor. In diesem Rahmen haben sich zehn europäische Polizeibehörden zusammengeschlossen, um ihre national bewährten Konzepte und Strategien zur Sicherheit im öffentlichen Raum zu vergleichen und zu analysieren.
Innensenator Andreas Geisel sagte anlässlich der Veranstaltung: „Der öffentliche Raum, unsere Straßen und Plätze sind wichtige Orte für unsere freie Gesellschaft. Hier kommen die Menschen beruflich und in ihrer Freizeit zusammen, hier verbringen sie Zeit, hier betätigen sie sich politisch. Der öffentliche Raum ist ein zentraler Bestandteil unserer Demokratie. Deswegen steht er im Fokus von Kriminellen und Terroristen. Deswegen müssen wir alles tun, was wir können, um ihn zu schützen. Der Erfahrungsaustausch über die Ländergrenzen hinaus ist wichtig, weil wir immer voneinander lernen müssen. Es geht darum, die Dinge besser zu machen. Das geht nur gemeinsam.“
Die Europäische Kommission stellte im Oktober 2017 unter dem Fond für Innere Sicherheit (ISF) zusätzliche 18 Millionen Euro zur Verfügung, für Projekte, welche die Sicherheit des öffentlichen Raumes stärken. Der von der Polizei Berlin eingereichte Projektantrag wurde mit einer Fördersumme von knapp 535.000,- € für eine Projektlaufzeit von 24 Monaten bewilligt. Das Projekt steht unter Berliner Federführung, die Polizei Berlin ist als Koordinator für die Zusammenarbeit der Projektpartner zuständig.",Kick-off event of the European project Safer Space for Safer Cities in the Red Town Hall,Sonstiges
14.02.2019 14:40 Uhr,Zeugenaufruf nach zahlreichen Sachbeschädigungen an Fahrzeugen,https://www.berlin.de/polizei/polizeimeldungen/pressemitteilung.784665.php,Ereignisort:bezirksübergreifend,"Charlottenburg-Wilmersdorf/Treptow-Köpenick/Mitte
Nr. 0386
Mit einem Zeugenaufruf und Plakataushängen erhofft sich die Polizei Berlin Hinweise aus der Bevölkerung. In den Nächten vom 03.02.2019 – 06.02.2019 kam es in mehreren Straßenzügen in Charlottenburg, Bohnsdorf und Moabit zu Sachbeschädigungen an Fahrzeugen. Hierbei wurden die Reifen der Autos zerstochen und vereinzelt Symbole in den Lack gekratzt.
Die Kriminalpolizei fragt:
Wer hat in den Nächten vom 03. – 06. Februar 2019 verdächtige Beobachtungen gemacht, die mit den Sachbeschädigungen in Verbindung stehen könnten?
Wer kann weitere sachdienliche Hinweise zu den Taten, Tätern oder Zeugen geben?
Hinweise nimmt der Staatsschutz des Landeskriminalamtes Berlin unter der Rufnummer (030) 4664-953128, per Telefax unter der Nummer (030) 4664-953199, per E-Mail an lka531@polizei.berlin.de, über die Internetwache oder jede andere Polizeidienststelle entgegen.
Polizeimeldung Nr. 0298 vom 4. Februar 2019: Reifen zerstochen
Heute Vormittag bemerkten Anwohner zerstochene Autoreifen in Charlottenburg und alarmierten gegen 9.30 Uhr die Polizei. Insgesamt 34 betroffene Fahrzeuge stellten die Beamten am Einsteinufer, in der Galvani-, Guericke- und in der Franklinstraße fest. Die Ermittlungen zu den Sachbeschädigungen werden beim zuständigen Polizeiabschnitt 25 geführt.
Polizeimeldung Nr. 0307 vom 5. Februar 2019: Reifen zerstochen und Lack
In den frühen Morgenstunden wurden insgesamt 62 Fahrzeuge in Bohnsdorf beschädigt. Der Halter eines im Kablower Weg abgestellten VW alarmierte die Beamten des zuständigen Abschnitts, da er gegen 5.30 Uhr an seinem Fahrzeug einen zerstochenen Reifen und einen beschädigten Außenspiegel festgestellt hatte. Als die Polizisten eintrafen, stellten sie an insgesamt 62 Fahrzeugen, die in den Straßenzügen Graben-, Richter-/Gründerstraße und in der Wassersportallee abgestellt waren, zerstochene Reifen und zum Teil beschädigten Lack fest. Darüber hinaus haben Unbekannte an fünf Fahrzeugen in der Grabenstraße und im Kablower Weg Davidsterne in den Autolack geritzt. Der zuständige Polizeiabschnitt der Polizeidirektion 6 hat die weitere Bearbeitung übernommen.
Polizeimeldung Nr. 0335 vom 7. Februar 2019: Lack zerkratzt und Reifen zerstochen
Gestern Morgen wurden insgesamt 44 Fahrzeuge in Moabit beschädigt. Die Halterin eines in der Beusselstraße abgestellten Fahrzeugs alarmierte die Beamten des zuständigen Polizeiabschnitts, da sie gegen 7 Uhr an ihrem Fahrzeug zerstochene Reifen festgestellt hatte. Als die Polizisten eintrafen, stellten sie an insgesamt 43 weiteren Fahrzeugen, die in den Straßenzügen Turm-, Wald- und Wiclefstraße abgestellt waren, zerstochene Reifen fest. Darüber hinaus hatten Unbekannte Davidsterne in den Autolack von zwei Fahrzeugen geritzt. Der zuständige Polizeiabschnitt der Polizeidirektion 3 hat die weitere Bearbeitung übernommen.",Witness call after numerous damage to vehicles,Eigentumsdelikte
13.01.2019 12:15 Uhr,Nach versuchtem Totschlag,https://www.berlin.de/polizei/polizeimeldungen/pressemitteilung.735477.php,Ereignisort:Friedrichshain-Kreuzberg,"Gemeinsame Meldung Polizei und Staatsanwaltschaft Berlin
Nr. 0097
Tatverdächtige sollen am 6. Mai 2018 unter der Bahnbrücke Stralauer Allee/Warschauer Straße einen 32-Jährigen attackiert haben. Dieser wurde so schwer verletzt, dass er nur durch eine Notoperation gerettet werden konnte.
Erstmeldung Nr. 1840 vom 4. September 2018: Versuchter Totschlag – Polizei bittet um Mithilfe
Zu einem versuchten Totschlag Anfang Mai 2018 in Friedrichshain sucht die Polizei Berlin nach Zeugen. Bisherigen Ermittlungen zufolge sollen drei Männer einen 32-Jährigen am Sonntag, 6. Mai 2018, gegen 1.45 Uhr an der Stralauer Allee Ecke Warschauer Straße unter der Bahnbrücke attackiert und zu Boden gebracht haben. Auch als der 32-Jährige dort lag, soll das Trio nicht von ihm abgelassen haben. Erst als Passanten auf die Situation aufmerksam wurden, flüchteten die Angreifer. Rettungskräfte brachten den Verletzten in ein Krankenhaus. Dort musste er in ein künstliches Koma versetzt werden. Nur durch Notoperationen konnte sein Leben gerettet werden.",After attempted manslaughter,Gewaltverbrechen
04.01.2019 15:23 Uhr,Ausstellung in der Polizeihistorischen Sammlung zu Friedrich Wilhelm Höhn,https://www.berlin.de/polizei/polizeimeldungen/pressemitteilung.771572.php,Ereignisort:Tempelhof-Schöneberg,"Nr.
In der Zeit vom 8. Januar bis 29. März 2019 wird es in der Polizeihistorischen Sammlung am Platz der Luftbrücke 6 in Tempelhof eine Ausstellung zum Preußischen Polizeihauptmann Friedrich Wilhelm Höhn geben. Mit dem Thema „Ein Preußischer Hauptmann in Japan: Friedrich Wilhelm Höhn – Eine Spurensuche 1885 – 1891“ haben Interessierte die Möglichkeit, sich über den aus dem Oderbruch stammenden Reformer des Polizeisystems in Japan zu informieren. Der Berliner Polizeibeamte wurde von 1885 bis 1891 als Dozent an die Polizeischule in Tokio entsandt und war später als Berater und Inspekteur für das Polizeiministerium tätig.
Die feierliche Eröffnung findet am 8. Januar 2019 um 14 Uhr im Polizeipräsidium mit Ansprachen von Direktor beim Polizeipräsidenten Oliver Stepien und der Kuratorin der Ausstellung Beate Wonde statt.
Die Öffnungszeiten der Ausstellung sind von Montag bis Mittwoch in der Zeit von 9 bis 15 Uhr. Der Eintritt beträgt 2 Euro, ermäßigt 1 Euro.",Exhibition in the Police Historical Collection on Friedrich Wilhelm Höhn,Sonstiges
